{"cameraMode":{"drawMode":0,"name":"Shaded","section":"Shading Mode"},"sceneLighting":true,"audioPlay":false,"sceneViewState":{"showFog":true,"showMaterialUpdate":false,"showSkybox":true,"showFlares":true,"showImageEffects":true,"showParticleSystems":true},"in2DMode":false,"pivot":{"x":-0.30750203132629397,"y":1.3096599578857422,"z":-3.3686881065368654},"rotation":{"x":-0.01544472947716713,"y":0.9800091981887817,"z":-0.08430124074220658,"w":-0.17954625189304353},"size":11.781025886535645,"orthographic":false}